<xml xmlns="https://developers.google.com/blockly/xml" id="toolbox" style="display: none">
  <category name="MODBUS  RS485" colour="#cb2026" icon="road">\
    <block type="modbus_init"/>
    <block type="modbus_read_input_registers">
      <value name="SLAVE_ID">
        <shadow type="math_number">
          <field name="NUM">0</field>
        </shadow>
      </value>
      <value name="ADDRESS">
        <shadow type="math_number">
          <field name="NUM">0</field>
        </shadow>
      </value>
      <value name="QUANTITY">
        <shadow type="math_number">
          <field name="NUM">0</field>
        </shadow>
      </value>
    </block>
    <block type="modbus_read_holding_registers"> 
      <value name="SLAVE_ID">
        <shadow type="math_number">
          <field name="NUM">0</field>
        </shadow>
      </value>
      <value name="FUNC_CODE">
        <shadow type="math_number">
          <field name="NUM">0x03</field>
        </shadow>
      </value>
      <value name="ADDRESS">
        <shadow type="math_number">
          <field name="NUM">0</field>
        </shadow>
      </value>
      <value name="QUANTITY">
        <shadow type="math_number">
          <field name="NUM">0</field>
        </shadow>
      </value>
    </block>
    <block type="modbus_write_single_register"> 
      <value name="SLAVE_ID">
        <shadow type="math_number">
          <field name="NUM">0</field>
        </shadow>
      </value>
      <value name="ADDRESS">
        <shadow type="math_number">
          <field name="NUM">0</field>
        </shadow>
      </value>
      <value name="VALUE">
        <shadow type="math_number">
          <field name="NUM">0</field>
        </shadow>
      </value>
    </block>
    <block type="modbus_read_float" >
      <value name="SLAVE_ID">
        <shadow type="math_number">
          <field name="NUM">0</field>
        </shadow>
      </value>
      <value name="REGISTER_ADDR">
        <shadow type="math_number">
          <field name="NUM">0</field>
        </shadow>
      </value>
      <value name="FUNC_CODE">
        <shadow type="math_number">
          <field name="NUM">0</field>
        </shadow>
      </value>
      <value name="BYTE_ORDER">little</value>
    </block>
    <block type="modbus_read_raw_bytes">
      <value name="SLAVE_ID">
        <shadow type="math_number">
          <field name="NUM">0</field>
        </shadow>
      </value>
      <value name="FUNC_CODE">
        <shadow type="math_number">
          <field name="NUM">0</field>
        </shadow>
      </value>
      <value name="REGISTER_ADDR">
        <shadow type="math_number">
          <field name="NUM">0</field>
        </shadow>
      </value>
      <value name="REGISTER_COUNT">
        <shadow type="math_number">
          <field name="NUM">0</field>
        </shadow>
      </value>
    </block>
  </category>
</xml>